{"cameraMode":{"drawMode":0,"name":"Shaded","section":"Shading Mode"},"sceneLighting":false,"audioPlay":false,"sceneViewState":{"m_AlwaysRefresh":false,"showFog":true,"showSkybox":false,"showFlares":true,"showImageEffects":true,"showParticleSystems":true,"showVisualEffectGraphs":true,"m_FxEnabled":true},"in2DMode":false,"pivot":{"x":0.2321707308292389,"y":-0.05830186605453491,"z":-0.08832314610481262},"rotation":{"x":-0.4779427647590637,"y":0.003431938588619232,"z":-0.0018786224536597729,"w":-0.8783940672874451},"size":0.467740535736084,"orthographic":false}