{"cameraMode":{"drawMode":0,"name":"Shaded","section":"Shading Mode"},"sceneLighting":false,"audioPlay":false,"sceneViewState":{"m_AlwaysRefresh":false,"showFog":true,"showSkybox":false,"showFlares":true,"showImageEffects":true,"showParticleSystems":true,"showVisualEffectGraphs":true,"m_FxEnabled":true},"in2DMode":false,"pivot":{"x":15.610649108886719,"y":1.473710536956787,"z":-15.34115982055664},"rotation":{"x":-0.4779427647590637,"y":0.003431938588619232,"z":-0.0018786224536597729,"w":-0.8783940672874451},"size":3.1105217933654787,"orthographic":false}